question,document
Can I still join the course if I found it late?,74eb249bbf
"If I start now, will I still be able to get a certificate?",74eb249bbf
What do I need to do to qualify for the certificate after joining late?,74eb249bbf
Is it okay to join the course after it has already started?,74eb249bbf
Do I have to submit the project before submissions close to get certified?,74eb249bbf
"I registered for LLM Zoomcamp, but I never got any confirmation email — should I be worried or wait for one?",977bf7786c
Do I need to get an acceptance or confirmation message before I can start the course and submit homework?,977bf7786c
"If I didn’t sign up through the registration form, can I still begin the course and turn in assignments while submissions are open?",977bf7786c
"Is there actually a list of registered students that homework is checked against, or is registration just for something else?",977bf7786c
What is the purpose of the course registration if it doesn’t seem required to join or submit homework?,977bf7786c
How do students join the Office Hours or live workshop sessions if they don’t get the Zoom link?,489dd1c9d9
Where is the live stream link for Office Hours usually posted before the session starts?,489dd1c9d9
"Can I watch the workshop live on YouTube instead of Zoom, and where do I find it?",489dd1c9d9
"If I want to ask questions during the live session, should I use chat or Slido?",489dd1c9d9
Why is the Zoom link for Office Hours not shared with students directly?,489dd1c9d9
Where should I begin if I want to follow LLM Zoomcamp the right way?,04919992b3
"What’s the usual weekly routine for this course, from videos to homework submission?",04919992b3
"Do I have to start the course at a specific time, or can I begin whenever I want?",04919992b3
"What should I read first: the docs, the GitHub repo, or the course platform?",04919992b3
How do the lesson exercises and homework usually differ in LLM Zoomcamp?,04919992b3
How do I find my own entry on the leaderboard if I can't spot my name there?,c2903069a0
What do I need to click to see my display name in the course profile?,c2903069a0
"Why am I shown a random name on the leaderboard, and can I change it?",c2903069a0
Which name should I put in the profile if I want a different nickname instead of the default one?,c2903069a0
What should I update in my profile so my certificate shows my real official name?,c2903069a0
Can I take the course at my own pace and still earn a certificate?,69d122f12e
Is there any way to get a certificate if I don't join a live cohort?,69d122f12e
Do you give certificates for the self-paced version of the course?,69d122f12e
Why can't I receive a certificate after finishing the course on my own?,69d122f12e
Do I need to do peer reviews to be eligible for the certificate?,69d122f12e
"Do I still qualify for the certificate if I skipped the first homework, or do I need to make it up?",9f689c185f
"Is passing the Capstone project enough to get the course certificate, even if I miss some homework?",9f689c185f
"Are homework assignments required for certification in this course, or are they just optional practice?",9f689c185f
"If homework isn't mandatory, does it still affect anything important like my ranking or score?",9f689c185f
What’s the minimum requirement to receive the certificate in llm-zoomcamp?,9f689c185f
Why does the homework content keep changing before it’s released?,96286b4be4
What does it mean when a homework title has [DRAFT] in it?,96286b4be4
How can I tell if a homework assignment is actually ready?,96286b4be4
Is it safe to start working on homework while it still looks like a draft?,96286b4be4
Can homework still be updated even after the form is open?,96286b4be4
When is the next time this course will run?,bd31146b0e
Do you know when llm-zoomcamp will be offered again?,bd31146b0e
What’s the next scheduled offering for this course?,bd31146b0e
When should I expect the next cohort of the course to start?,bd31146b0e
Is there a date for the next course run?,bd31146b0e
Where can I find the course lectures or videos for this class?,31456f4b5f
Is there a main place I should check first for the LLM Zoomcamp lessons?,31456f4b5f
How do I get to the videos for each lesson in the repo?,31456f4b5f
Why does everyone say to use the GitHub repo instead of just the YouTube playlist?,31456f4b5f
"If I want the latest lesson videos, where should I look?",31456f4b5f
"How do I keep track of the LLM Zoomcamp syllabus, homework deadlines, and my progress?",20c5a1347e
Is there a place for seeing the current LLM Zoomcamp cohort structure and assignments?,20c5a1347e
What platform should I use to follow the course schedule and homework for LLM Zoomcamp?,20c5a1347e
Where can I find the LLM Zoomcamp deadlines and progress tracker in one place?,20c5a1347e
Does LLM Zoomcamp use the same course management system as the other DataTalks.Club Zoomcamps?,20c5a1347e
"Does LLM Zoomcamp have live sessions or office hours for every module, or is everything mainly pre-recorded?",d65e05bd7a
"If I get stuck on a module, what’s the best place to ask for help—Slack or somewhere else?",d65e05bd7a
"Are live sessions in the course scheduled regularly, or do they only happen when the team announces them?",d65e05bd7a
"Is there any optional paid support with Zoom office hours for LLM Zoomcamp, and how does it work?",d65e05bd7a
Where can I find the module materials if there aren’t separate live classes each week?,d65e05bd7a
Can I count my Bluesky posts for the learning in public credits in this course?,dbf5369006
Does posting on Bluesky qualify for the public learning credit requirement?,dbf5369006
Are Bluesky updates accepted as learning in public evidence for course credits?,dbf5369006
"If I share my progress on Bluesky, will that be enough for learning in public credits?",dbf5369006
Is Bluesky one of the platforms I can use to earn learning in public credits?,dbf5369006
Where can I find the Telegram channel for LLM Zoomcamp?,054f3fd58f
What’s the Telegram link for the LLM Zoomcamp course?,054f3fd58f
Is there a Telegram group or channel for LLM Zoomcamp announcements?,054f3fd58f
Where should I join to get LLM Zoomcamp updates on Telegram?,054f3fd58f
"What’s the official Telegram channel for LLM Zoomcamp, and is it only for announcements?",054f3fd58f
Why does my FAQ dataset have a different number of records than the one shown in the course videos?,e2d595f23c
Is it normal if the live FAQ data count doesn’t match the number in the recordings?,e2d595f23c
The FAQ dataset changed from the video demo — did I do something wrong?,e2d595f23c
Why are there extra or missing questions in the FAQ data compared to the lecture?,e2d595f23c
How can the FAQ dataset be different now if the videos were recorded in May 2026?,e2d595f23c
"The homework deadline already passed, but the form still lets me submit — does that mean my work is still accepted?",a9353fadfe
Can I turn in homework after the deadline if the submission page hasn’t been closed yet?,a9353fadfe
"I missed the listed deadline, but the submission form is still open. Should I still send my answers?",a9353fadfe
Does the deadline matter if the homework form is still available for submissions?,a9353fadfe
At what point is homework submission actually no longer possible — after the deadline or only after the form closes?,a9353fadfe
Can I still turn in homework after the deadline if the submission form is open?,cdc3b285e5
Do you ever give deadline extensions for homework in this course?,cdc3b285e5
"What happens if I miss a homework assignment, will it stop me from getting the certificate?",cdc3b285e5
Are late homework submissions accepted once the form is closed?,cdc3b285e5
"Do homework scores matter for the certificate, or are they only used for the leaderboard?",cdc3b285e5
"If I enter my real name in the certificate field, does it get shown on the public leaderboard or shared with anyone else?",651ba06b34
"What name do other people see on the course leaderboard, and is it different from the name printed on my certificate?",651ba06b34
Can I keep my real name private on the leaderboard but still have it on the certificate?,651ba06b34
"In the course profile, which field is for the public nickname and which one is for the official certificate name?",651ba06b34
"Does the certificate name ever get published online, or is it only used on the certificate itself?",651ba06b34
Why don't we use LangChain in this course if it already helps build LLM apps?,b7cdde6b25
"What’s the reason for building retrieval, indexing, and prompting from scratch before any framework?",b7cdde6b25
Is there a specific benefit to learning the core RAG pieces before using LangChain?,b7cdde6b25
Wouldn’t it be easier to just use a framework like LangChain instead of implementing the basics ourselves?,b7cdde6b25
"Why do you compare this course approach to learning HTML, CSS, and JavaScript before React or Angular?",b7cdde6b25
Why do I get an OpenAI API error about insufficient credits when I run `responses.create`?,f5df151c59
What does the error `OpenAI API Error: Insufficient credits` mean in the OpenAI `responses.create` command?,f5df151c59
I’m seeing a credit-related failure in `responses.create`; is my OpenAI account out of credits?,f5df151c59
How do I fix the `Insufficient credits` error from OpenAI when using `responses.create`?,f5df151c59
Could the `responses.create` command fail because my OpenAI balance is too low?,f5df151c59
"Why am I getting a 429 RateLimitError from OpenAI saying I exceeded my quota, and how do I fix it?",152af39a53
"Do I need to add billing credits to use the OpenAI API, or is there any free quota left?",152af39a53
"After topping up my OpenAI account, do I have to create a new API key before trying again?",152af39a53
How do I know which OpenAI model names I’m allowed to use in `responses.create(...)`?,152af39a53
What should I check in my OpenAI account if my request keeps failing with `insufficient_quota`?,152af39a53
How much should I expect to spend on the OpenAI API for this course?,554d0eb78b
Do I need to pay a lot to use the OpenAI API in the course assignments?,554d0eb78b
"What is the minimum I can top up for the OpenAI API, and is that enough for course use?",554d0eb78b
"Will the OpenAI API costs for the course be more than a few cents, or is it really cheap?",554d0eb78b
How much money do I need to start using the OpenAI API for this course?,554d0eb78b
Do I need to subscribe to the OpenAI API to finish the course homework?,85384a18e5
"Will I have to pay for OpenAI in this course, or are there free options?",85384a18e5
Can I complete the RAG assignments without using a paid OpenAI account?,85384a18e5
What should I use instead of OpenAI API if I don’t want to spend money?,85384a18e5
Does the course provide any free or cheap alternatives to OpenAI API?,85384a18e5
Why does the course recommend using uv instead of just pip and virtualenv for setup?,f81dea8f7e
"What makes uv better or easier than the usual Python tools like pip, virtualenv, and poetry?",f81dea8f7e
"Do I have to switch to uv for this course, or can I keep using pip and virtualenv?",f81dea8f7e
"How does uv help with managing Python versions, environments, and dependencies in one place?",f81dea8f7e
What is the main reason the lessons use uv when other Python package managers still work?,f81dea8f7e
Why does my Jupyter notebook not see OPENAI_API_KEY even though I put it in a .env file?,86d99bbf21
What do I need to install so my notebook can load API keys from .env?,86d99bbf21
Where should I call load_dotenv() before using the OpenAI client in Jupyter?,86d99bbf21
Could the problem be that my env var name is wrong if OPENAI_API_KEY is not detected?,86d99bbf21
How do I make sure the notebook picks up OPENAI_API_KEY from the .env file?,86d99bbf21
How do I keep my API keys in a .env file and load them in Python for this RAG project?,233dabe430
What’s the best way to use python-dotenv to read OPENAI_API_KEY or GROQ_API_KEY from environment variables?,233dabe430
"Should I put .env in gitignore before saving my keys, and how do I set that up?",233dabe430
What do I need to install and import so my app can read API secrets from a local .env file?,233dabe430
"Can you show a simple example of storing Gemini, OpenAI, and Groq keys in .env and accessing them with os.getenv()?",233dabe430
Is it okay if I don’t use the model the homework recommends and pick a different one instead?,ee43413718
"Can I do the RAG homework with OpenAI alternatives like Gemini, Groq, Azure OpenAI, or even a local model?",ee43413718
"Do I need a paid AI service for this assignment, or is there a way to complete it for free?",ee43413718
"If I switch to another LLM provider, will I have to change the code because the API format is different?",ee43413718
Where can I find a list of other model providers I can use for this homework?,ee43413718
How do I hook up Gemini in the Module 1 notebook if I want to use the OpenAI-style endpoint instead of the usual one?,0ae5c221b9
What do I need to put in my .env and client setup to call a Google Gemini model from the notebook?,0ae5c221b9
Why does the notebook code need changes when I switch from the Responses format to Gemini's chat completions endpoint?,0ae5c221b9
How do I write the llm helper for Gemini so it sends both the instructions and the user message correctly?,0ae5c221b9
Which parts of the Module 1 code usually break or need updating when using Gemini models through the OpenAI-compatible API?,0ae5c221b9
How do I get a Pydantic object back from Gemini if the Responses API parse method isn’t there?,341f71f28c
Can I still use the OpenAI SDK to parse structured output from Gemini through the compatible endpoint?,341f71f28c
What’s the right way to define the schema so Gemini returns a list of FAQ items as typed objects?,341f71f28c
Which method should I call instead of responses.parse when using a chat-completions model like Gemini?,341f71f28c
"Do I need to manually load JSON, or does the SDK give me the parsed result directly?",341f71f28c
"How do I install Ollama on Mac, Windows, or Linux?",1d0b969028
"After installing Ollama, what do I run to start the local LLaMA 3 model?",1d0b969028
How can I check if the Ollama server is working on my machine?,1d0b969028
What package do I need in Python to use Ollama from code?,1d0b969028
Can you show a simple Python example for chatting with llama3 using Ollama?,1d0b969028
How do I fix a connection refused error when I try to prompt Ollama in the RAG homework?,c6fc2d4d11
"If Ollama stops responding in Module 1 RAG, what should I do to get the server running again?",c6fc2d4d11
What command do I use to restart the Ollama server in the notebook after a connection refused issue?,c6fc2d4d11
"Why am I getting a connection refused error with Ollama, and how can I recover it without restarting everything?",c6fc2d4d11
"Do I need to rerun the ollama serve cell after restarting the notebook, or is one restart enough?",c6fc2d4d11
Why does `tiktoken` give me a smaller token count than OpenAI’s API for the same prompt?,bf0403d21b
"In `chat.completions.create()`, what extra tokens does OpenAI add that I don’t see in my text?",bf0403d21b
"Could newlines, spaces, or weird Unicode characters change the token count between my code and OpenAI’s report?",bf0403d21b
"If my prompt is 320 tokens in `tiktoken`, why might OpenAI show something like 327 tokens instead?",bf0403d21b
How does OpenAI count chat messages differently from just encoding the raw prompt text?,bf0403d21b
How can I set my API key once so I don't need to export it in every new terminal session?,8b2f5e9d04
"Is there a way to auto-load my `.env` file when I enter a project folder, instead of typing exports by hand?",8b2f5e9d04
"For a project with OpenAI credentials, what’s the easiest setup that works across different shells and operating systems?",8b2f5e9d04
"If I’m working in GitHub Codespaces, should I still keep secrets in `.env`, or is there a better option?",8b2f5e9d04
How do I load a `.env` file automatically in a Python script without manually reading environment variables?,8b2f5e9d04
How do I decide on field weights in minsearch without just guessing?,87d4ea4e08
Is there a good way to tune search field weights besides trial and error?,87d4ea4e08
What’s the best method to test different field weights for retrieval quality?,87d4ea4e08
Should I build a small labeled set before changing weights in my search engine?,87d4ea4e08
Which metrics should I use to compare field weight settings for RAG search?,87d4ea4e08
What’s the best way to clean documents before using them for RAG so retrieval works better?,649c280e6d
"Which junk should I remove from my docs, and what context should I keep for RAG?",649c280e6d
"Do I need to turn my data into JSON for RAG, or is any structured format fine?",649c280e6d
How should I chunk documents for RAG so I don’t lose important context?,649c280e6d
What kind of metadata is worth saving when preparing docs for retrieval?,649c280e6d
"In GitHub Codespaces, `uv` prints “Failed to hardlink files” — should I worry about it or is the install still fine?",acf8fa5356
"Why does `uv` complain about hardlinking in Codespaces, and what does it do instead?",acf8fa5356
How can I stop the `uv` hardlink warning just for my current terminal session?,acf8fa5356
What’s the easiest way to make `uv` use copy mode by default every time I open a shell?,acf8fa5356
Is there a setting in `uv` for Codespaces when hardlinks aren’t possible between cache and the environment?,acf8fa5356
"I keep getting ""dotenv is not recognized"" in my RAG project — which package am I supposed to install?",0bed1f48da
What should I add with uv if load_dotenv / dotenv isn’t working in Module 1?,0bed1f48da
Is there a specific Python package for using .env files in llm-zoomcamp?,0bed1f48da
"How do I fix the ""dotenv not recognized"" error when following the course code?",0bed1f48da
"After installing the env package, how do I import it and load variables in Python?",0bed1f48da
Can I do this module on my own machine instead of using Codespaces?,aa310de435
"Is Codespaces required, or can I set everything up locally for the course?",aa310de435
What do I need installed if I want to run the course on my laptop?,aa310de435
"If I use a local setup, do I need to keep track of how I configured it?",aa310de435
Why is Codespaces recommended if local development is also allowed?,aa310de435
"If I keep coding in GitHub Codespaces but never commit, where does that work actually live?",610ccb23c0
"Does uncommitted code in Codespaces stay safe, or can it disappear later?",610ccb23c0
"When I save files in Codespaces without pushing to GitHub, is that enough to keep my work?",610ccb23c0
Should I still commit regularly in Codespaces even if the code is already saved in the Linux VM?,610ccb23c0
"What happens to my Codespaces changes if the session stops, disconnects, or the environment gets deleted?",610ccb23c0
Why does WSL2 say the model needs more system memory than is available even though my PC has enough RAM?,f3dd94f323
How do I change the amount of RAM WSL2 can use on Windows?,f3dd94f323
Where should I put the .wslconfig file to give WSL2 more memory?,f3dd94f323
What do I need to add inside .wslconfig to increase WSL2 memory allocation?,f3dd94f323
"After editing WSL2 memory settings, how can I restart it and check that the new RAM limit is active?",f3dd94f323
My Codespace is stuck on “Finishing up” and never opens — what are the first things I should try?,830f3d2018
"If a Codespace won’t reconnect in GitHub, is there a quick fix besides waiting?",830f3d2018
"Why does my setup seem to vanish after a rebuild or new Codespace, and is that normal?",830f3d2018
Do files in /workspaces stay there when I stop and start the Codespace again?,830f3d2018
What should I do if GitHub Codespaces keeps acting flaky and I don’t want to lose my work?,830f3d2018
"Can I swap OpenAI for another LLM provider if it's blocked where I live, or am I stuck with the course setup?",c6ff9083c0
"Which providers actually work with the course code without a big rewrite, like Groq, OpenRouter, DeepSeek, Gemini, or Mistral?",c6ff9083c0
"If I use a different API, do I only need to change the endpoint URL, key, and model name in the OpenAI client?",c6ff9083c0
"Can I run the model on my own machine with something like Ollama, vLLM, or LM Studio instead of calling an external API?",c6ff9083c0
What if my laptop can't handle the model I want — is renting a GPU server and pointing the course code to it a good option?,c6ff9083c0
"Why am I getting 429 errors in my notebook when I loop over a lot of docs, and what should I change first?",8e21752415
What’s a good way to stop OpenAI rate limit problems during the course without waiting for the error to happen?,8e21752415
How can I make my API calls less likely to hit per-minute limits in RAG notebooks?,8e21752415
"Do I need to handle 429s manually, or does the OpenAI client already retry for me?",8e21752415
"If I rerun a notebook, how do I avoid paying for or redoing the same embeddings and responses again?",8e21752415
"In agentic RAG, what exactly counts as a tool or function, and how are they different from the model itself?",c296ea5a21
Why do people use the terms tool and function almost interchangeably in this course?,c296ea5a21
What kinds of tasks can a model pass to a tool or function instead of doing everything on its own?,c296ea5a21
"How does tool use change the flow compared with basic RAG, where retrieval happens first no matter what?",c296ea5a21
When should the model decide to call a tool or function during an agentic RAG setup?,c296ea5a21
What free models can I use if I want tool use support for development?,0d74a3616f
Does Groq have any models that support tools or function calling for free?,0d74a3616f
"Besides Groq, which other providers support tool or function calling?",0d74a3616f
Can I use Deepseek R1 or Llama 4 with tool use without paying?,0d74a3616f
Do I need to change my code when switching from OpenAI to Groq or other model providers for tools?,0d74a3616f
Why do I get `AttributeError: 'str' object has no attribute 'output'` when I switch from OpenAI to another model in an agent?,9e7b3f0c25
"Can I use `client.responses.create(...)` with Mistral or Groq, or is that only for OpenAI models?",9e7b3f0c25
What should I use instead of `response.output` when my provider doesn’t support the Responses API?,9e7b3f0c25
How do I change my code to work with `chat.completions.create(...)` for non-OpenAI providers?,9e7b3f0c25
Do I need to modify the tools schema too when I move an agent from OpenAI’s Responses API to another LLM provider?,9e7b3f0c25
Why am I getting `Missing required parameter: 'tools[0].function'` when I use Azure OpenAI in Module 1?,b9c7c6bb34
How should I format my `get_weather_tool` JSON so the tool call works with Azure OpenAI?,b9c7c6bb34
"Do I need a `function` field inside `tools[0]` for the weather tool, and what should it look like?",b9c7c6bb34
What is the correct JSON structure for the `get_weather` tool in the Agentic RAG exercise?,b9c7c6bb34
Can you show the fixed `get_weather_tool` definition for the weather example using Azure OpenAI?,b9c7c6bb34
"Why do I get a 404 error with toyaikit on Groq, and what part of the API is it actually calling?",0224d980b3
How can I run toyaikit with Groq or another OpenAI-compatible provider without hitting the OpenAI Responses endpoint?,0224d980b3
What do I need to change in toyaikit if I want to use Anthropic models instead of OpenAI ones?,0224d980b3
"Can I use the same toyaikit tools setup with Groq or Anthropic, and what runner/client classes should I pick?",0224d980b3
"In toyaikit, what's the difference between `runner.loop(prompt=...)` and `runner.run()`, and when should I use each?",0224d980b3
Where do I actually find the Module 1 homework questions for the 2026 cohort?,53f15299b6
"Is the homework listed only in the course platform, or should I check the GitHub repo too?",53f15299b6
Can you point me to the right page for the 2026 Module 1 homework instructions?,53f15299b6
I’m looking for the Module 1 homework links—where are they posted?,53f15299b6
"For llm-zoomcamp, what’s the best place to see the homework tasks and any extra notes?",53f15299b6
Why am I getting an empty list after filtering my query in this homework task?,83da208a64
Could this empty result be caused by a problem with how I indexed the data first?,83da208a64
Do I need to set the index settings before I load the documents into Elasticsearch?,83da208a64
What should I check if my filters and query return nothing in HW Q3?,83da208a64
"Is the issue with my query, or did I probably add the data to the index in the wrong order?",83da208a64
Why do I get a 402 error from OpenRouter when I call responses.create() in my homework code?,cfb07a27d5
How can I fix the OpenRouter APIStatusError 402 that happens before the model even runs?,cfb07a27d5
What should I set for max_output_tokens in responses.create() so OpenRouter stops rejecting my request?,cfb07a27d5
"In rag_helper.py, where do I add the output token limit for Module 1 homework?",cfb07a27d5
Why does OpenRouter give 402 here instead of the 429 quota error I usually see with OpenAI?,cfb07a27d5
"In the Module 1 homework, what does it actually mean to point RAG at the chunk index instead of the full documents?",b4300adeb1
Should I build the search index from the original documents or from the split chunks in the homework?,b4300adeb1
"If I already have `documents` and `chunks`, which one should I use with `index.fit()` for RAG?",b4300adeb1
Why does the homework say to retrieve chunks for the prompt instead of sending the whole document text?,b4300adeb1
What’s the difference between using `index.fit(chunks)` and `index.fit(documents)` in this RAG setup?,b4300adeb1
Do I have to get the homework numeric answer exactly equal to one of the multiple-choice options?,5e4ca64cb5
What should I do if my homework result is a little different from every option in Module 1?,5e4ca64cb5
Why might my homework answer not match the choices exactly even if my code seems right?,5e4ca64cb5
"If my number is close to an option but not identical, should I pick the nearest one or keep looking?",5e4ca64cb5
"When should I re-check the dataset, filtering, or homework instructions because my answer looks off?",5e4ca64cb5
"When the homework wording feels vague, should I check the course page first or the GitHub instructions?",7d3a2e3505
"For Module 1 in the 2026 cohort, where exactly are the materials and homework directions?",7d3a2e3505
Why does the homework sometimes seem different from the lesson if it’s based on the same topic?,7d3a2e3505
"If I still can’t make sense of a homework task, what’s the best way to ask for help in Slack?",7d3a2e3505
What should I include when I ask about homework confusion so people can actually help me?,7d3a2e3505
How can I get the token count for Module 1 homework when I'm using a provider that isn't OpenAI?,fe8fed31e6
Where should I look for token usage in the response object if I use an OpenAI-compatible client for the homework?,fe8fed31e6
"Is it okay to use tiktoken or cl100k_base for Gemini, Mistral, Groq, or Hugging Face in this homework?",fe8fed31e6
What should I do if my model provider doesn't return any token usage information?,fe8fed31e6
"For the multiple-choice token-count question in Module 1, should I pick the exact number or the closest answer?",fe8fed31e6
"Why does the homework checker say my repo link is not 200, and what should I change so it passes?",bcdb8740ce
I submitted my GitHub URL for the module 1 homework and got a 500/404 error — what’s usually wrong with the link?,bcdb8740ce
Do I need to make my homework repository public for the checker to access it?,bcdb8740ce
Should I remove the .git part from the GitHub repo URL before submitting it?,bcdb8740ce
How can I quickly test whether my repository URL is reachable by the submission checker?,bcdb8740ce
"What exactly are embeddings in vector search, and why do we need them?",69430a79a8
How do embeddings turn text or other non-numeric data into numbers without losing meaning?,69430a79a8
Why should similar pieces of data produce close vectors after embedding?,69430a79a8
How do embeddings help with semantic similarity and comparing meaning?,69430a79a8
Is embeddings related to vector space models or dimensionality reduction in any way?,69430a79a8
"How can I get rid of the warning about the ""multi-qa-mpnet-base-dot-v1"" model and sentence-transformers version?",aa3f597424
Is there a way to suppress the sentence transformers v3.0.0 beta warning when using that embedding model?,aa3f597424
What should I install or upgrade if I keep seeing this warning during vector search?,aa3f597424
"Why am I getting the notice that the model was made with sentence-transformers v3, and how do I make it stop?",aa3f597424
"Do I need to update sentence-transformers to fix the ""multi-qa-mpnet-base-dot-v1"" warning?",aa3f597424
"Why did the lesson use a plain dot product for similarity instead of cosine, and is that always valid?",92cd22cada
"In the homework, why do we need to normalize embeddings before comparing them, unlike in the lecture example?",92cd22cada
"If my vectors come from the model already normalized, can I just use dot product as cosine similarity?",92cd22cada
What changes between the lecture embeddings and the homework embeddings that makes normalization necessary?,92cd22cada
How can I tell whether dot product is enough or whether I need to normalize first?,92cd22cada
"When I'm building vector search for the course, is there one best choice for embeddings, or do I need to test a few options?",5c4a8d2e60
"Should I vectorize just the answer text, just the question, or both together for the best search results?",5c4a8d2e60
Why would embedding only the answer still work well in a question-answer retrieval setup?,5c4a8d2e60
"If my users type questions, does it make sense to index only the original questions instead of the answers?",5c4a8d2e60
"Is combining the question and the answer into one embedding worth it, even if it costs a bit more?",5c4a8d2e60
What exactly does cosine similarity measure when comparing two vectors?,db78580409
How do you use cosine similarity to compare two documents in text analysis?,db78580409
"What does it mean if cosine similarity is 1, 0, or -1?",db78580409
Why is cosine similarity commonly used with word counts or TF-IDF vectors?,db78580409
"Can cosine similarity be applied to any vectors, or only non-zero ones?",db78580409
Why does cosine similarity turn into a dot product once the embeddings are normalized?,95feb4e75b
How does normalizing vectors let us compute similarity with matrix multiplication?,95feb4e75b
"In vector search, why can cosine similarity be computed just by multiplying the embedding matrix by the query vector?",95feb4e75b
"What changes when all document embeddings and the query are unit length, so cosine similarity becomes faster to calculate?",95feb4e75b
Why is cosine similarity basically the same as a dot product in this setup?,95feb4e75b
"For Module 2, do I need to create a brand-new GitHub repo, or is a separate Codespace enough?",1e829a8c6f
"Should I keep using my Module 1 Codespace, or is it better to start a fresh one for vector search?",1e829a8c6f
"If I set up Module 2 in Codespaces, do I have to make a new repository first?",1e829a8c6f
Why does the course recommend a separate Codespace for Module 2 instead of reusing the old one?,1e829a8c6f
"When I'm done with the Module 2 Codespace, is it okay to delete it as long as I committed my changes?",1e829a8c6f
"Why does download.py get stuck at 0% when trying to fetch model.onnx from HuggingFace, and is there a workaround?",29b69fbe0b
My model.onnx download never moves past 0% in download.py — is HuggingFace’s CDN the problem?,29b69fbe0b
"Can I manually grab model.onnx from the browser if download.py hangs, and where should I put it?",29b69fbe0b
What should I do if the script seems frozen while downloading the ONNX file from HuggingFace?,29b69fbe0b
"If I already saved model.onnx locally, will download.py still try to fetch it again?",29b69fbe0b
"Why do the matrix and for-loop versions of vector search give slightly different answers, even though they should be the same dot product?",e889793af9
"Is it normal that `np.allclose(scores, scores_loop)` can return `False` for the matrix version and the loop version of vector search?",e889793af9
What makes `X.dot(v_query)` not match a Python loop exactly when calculating vector search scores?,e889793af9
Should I worry if the two vector search implementations differ in the last decimal places?,e889793af9
How can I compare the results of `scores = X.dot(v_query)` and the loop version without expecting an exact match?,e889793af9
Why am I getting IndexError: list index out of range when I try to access the best chunk?,1a7b27c4df
What usually causes list index out of range in vector search when picking the top chunk?,1a7b27c4df
How do I make sure my embeddings match the chunks so I don't hit this error?,1a7b27c4df
Should I create embeddings from the whole chunks list or from chunk content only?,1a7b27c4df
Why does the number of vectors have to be the same as the number of document chunks?,1a7b27c4df
Why is my cosine similarity answer for Module 2 Homework Q2 not matching any of the multiple-choice options?,eaa17a9dc6
Do I need to use the `Embedder` from `embedder.py` for Homework 2 instead of `sentence-transformers`?,eaa17a9dc6
"Could the wrong embedding model, like `multi-qa-mpnet-base-dot-v1` or `all-mpnet-base-v2`, be why my cosine score is different?",eaa17a9dc6
"For Q2, should I be embedding the `content` field only, or am I supposed to use the filename or the whole record?",eaa17a9dc6
"If my cosine similarity is still a little off after using the right setup, should I just choose the nearest option?",eaa17a9dc6
How should I set up the Gemini key for Kestra — do I need both the normal env var and the base64 one?,3860e5fe8b
What’s the right way to export OpenAI and Tavily keys so Kestra can see them in the flows?,3860e5fe8b
"Do I need to restart Docker or Kestra after adding the secret variables, or can it pick them up automatically?",3860e5fe8b
"In a Kestra flow, should I use the name with SECRET_ or without it when calling secret()?",3860e5fe8b
"Why does Kestra require the API keys to be base64-encoded and prefixed with SECRET_, and where do I put those exports?",3860e5fe8b
"Why does Kestra AI Copilot keep saying it can only help with creating flows, and what am I missing in my setup?",04440cab11
I set up the course project but the Copilot still refuses to answer — do I need a different Gemini key env var for it?,04440cab11
What should I export before running `docker compose up` so Kestra’s Copilot actually works instead of giving that canned reply?,04440cab11
Could this Copilot error be because I used the base64 secret variable from the flows instead of the plain Gemini API key?,04440cab11
"If the Gemini key is already set and Copilot still fails, what else should I check like quota, typos, or restarting Kestra?",04440cab11
Why does Kestra say my Gemini API key is invalid even though I already exported SECRET_GEMINI_API_KEY?,c8ca21af33
Do I need to restart the Kestra container after changing the API key environment variables?,c8ca21af33
Should I use {{ secret('GEMINI_API_KEY') }} or {{ secret('SECRET_GEMINI_API_KEY') }} in the flow?,c8ca21af33
Can a trailing newline or space break the base64-encoded secret for Gemini?,c8ca21af33
Is it better to put the keys in a .env file and start docker compose with --env-file?,c8ca21af33
Why can't I just use a notebook for this module instead of an orchestrator like Kestra?,193612db63
"What does Kestra add that a normal script or notebook doesn't, especially for AI workflows?",193612db63
"In Module 3, is Kestra only for orchestration, or is it also used to show AI Copilot, RAG, and agents?",193612db63
"Can I switch between OpenAI, Gemini, Anthropic, etc. in Kestra without rewriting the flow?",193612db63
What is the main reason the course uses Kestra here instead of just running code cell by cell?,193612db63
"Do I have to use Kestra for the whole LLM Zoomcamp, or is it only for the orchestration module?",cce328db64
"For the final project, can I use Airflow, Prefect, Dagster, or even just a Python script instead of Kestra?",cce328db64
"If I build the ingestion pipeline in a notebook, do I still get full credit, or is a script required?",cce328db64
Why does the course use Kestra in Module 3 if other orchestrators can do scheduling and retries too?,cce328db64
"Can I switch between OpenAI, Gemini, Anthropic, or other AI providers in a Kestra flow without rewriting everything?",cce328db64
"Does Kestra only work with Gemini, or can I plug in OpenAI, Anthropic, Groq, or even Ollama/local models too?",f442efe5b4
"If I want to switch from Gemini to another AI provider in a Kestra flow, do I need to rewrite the whole workflow or just change the provider settings?",f442efe5b4
"Is Groq supported in Kestra, and does it work with the OpenAI-compatible APIs?",f442efe5b4
What’s the difference between Kestra’s generic AI plugin and the vendor-specific plugins like the Gemini or OpenAI ones?,f442efe5b4
"How do I use a local model in Kestra, like one running in Ollama or LM Studio?",f442efe5b4
"Can I build a Kestra flow without writing YAML by hand, and what are the no-code choices?",bfe5502c30
"Is there a form-based editor in Kestra, or is it more like drag-and-drop tools such as n8n?",bfe5502c30
"How does the AI Copilot help create a workflow in Kestra, and can I keep editing it with follow-up prompts?",bfe5502c30
"Can I generate Kestra workflows from my editor using tools like Claude Code, Codex, or Kestra CTL instead of the UI?",bfe5502c30
"If my automation is very simple, should I still use Kestra, or would Zapier or n8n be easier?",bfe5502c30
Why do AI tools sometimes make up Kestra YAML fields that aren't actually valid for my version?,93a3e8b98c
How can I check if the YAML an assistant generated for a Kestra plugin is real and not just guessed?,93a3e8b98c
Is there a safer way to generate Kestra flow YAML than using a generic chatbot?,93a3e8b98c
What should I do when a Kestra flow works in one version but the same properties fail in another?,93a3e8b98c
Can you show how to spot a wrong GCS Upload or BigQuery LoadFromGcs config and fix it?,93a3e8b98c
Why do we need to watch token usage in Kestra flows if the LLM call already works?,a4adc70f41
How does tracking tokens in a Kestra workflow help keep AI costs under control?,a4adc70f41
What’s the point of logging token counts from each LLM response in Kestra?,a4adc70f41
How can token monitoring help when a workflow runs in loops or on a schedule?,a4adc70f41
Does Kestra let you use token usage numbers for alerts or dashboards to spot expensive runs?,a4adc70f41
How do I get rid of the Docker Desktop error that says mounts denied and the path /tmp/... is not shared from the host?,dd8b4c9fda
"When I run Kestra with Docker Compose, why do I get a mount denied error for /tmp/kestra-wd and how can I fix it?",dd8b4c9fda
What should I change in Docker Desktop if it refuses to mount a folder under /tmp for a container?,dd8b4c9fda
Is there a setting in Docker Desktop for allowing /tmp or /tmp/kestra-wd to be shared with containers?,dd8b4c9fda
"After adding the shared path in Docker Desktop, do I need to restart anything before running docker compose up -d again?",dd8b4c9fda
"For the Module 3 Kestra homework, what exactly am I supposed to put in the public repo if I did everything in the Kestra UI?",f29f622684
"Do I need to submit the actual Kestra flow YAML files for homework, or is just filling out the form answers enough?",f29f622684
"If my homework only happened inside Kestra, what files should I download and commit before I share the repo link?",f29f622684
Should I include any scripts or helper files along with the Kestra flows when I submit Module 3?,f29f622684
"Is a README required for the Kestra homework repo, or can I just upload the flow files and send the link?",f29f622684
Why do I keep getting JSONDecodeError: Expecting value when I try to generate ground-truth questions with the LLM?,a3c7e1b4f9
How can I make the model return clean JSON instead of wrapping it in a code block or adding extra text?,a3c7e1b4f9
What should I set in the OpenAI chat completion call so json.loads works without failing?,a3c7e1b4f9
What exact instruction should I put in the prompt so the output is a JSON object with 5 questions only?,a3c7e1b4f9
Does Gemini or Groq have a similar way to force JSON output for this evaluation task?,a3c7e1b4f9
"Why does my Jupyter kernel keep crashing when I try to embed the ground-truth set in Module 4, and what should I do about low RAM?",b8f2d6a30c
"Is there a lighter embedding model I can use in the eval notebook, and do I need to rerun the metrics after changing it?",b8f2d6a30c
Can I move the embedding part out of the notebook into a separate Python script and then load the vectors back later?,b8f2d6a30c
What’s the best way to avoid memory issues in Codespaces when loading an embedding model plus the notebook state?,b8f2d6a30c
Should I process the ground-truth data in batches and clear memory between batches if the kernel dies?,b8f2d6a30c
Why do I still hit Gemini rate limits when I already added `time.sleep(4)` in my loop?,c1e9f4b820
What should I do if the free Gemini quota gets exhausted while I'm generating the ground-truth dataset?,c1e9f4b820
Is it better to switch to OpenAI `gpt-4o-mini` or keep using Gemini for this evaluation task?,c1e9f4b820
How can I avoid losing all my progress if the API cuts me off halfway through a long `tqdm` run?,c1e9f4b820
What’s the easiest free or cheap workaround for generating the full ground-truth set without hitting request limits?,c1e9f4b820
How do I fix the Windows WinError 126 about fbgemm.dll not being found when importing torch?,15e931476c
"I’m getting ""The specified module could not be found"" for torch\lib\fbgemm.dll on Windows — what should I install?",15e931476c
What are the fixes for the fbgemm.dll import error in PyTorch on Windows 10/11?,15e931476c
Do I need Visual C++ Redistributable or full Visual Studio to solve the torch fbgemm.dll missing dependency error?,15e931476c
"Why does PyTorch fail with OSError: [WinError 126] on Windows, and how can I get past the fbgemm.dll issue?",15e931476c
I'm getting psycopg2 OperationalError in prep.py: could not translate host name postgres to address. What should I change so it works?,4b65d5542d
"Why does my python prep.py fail with No such host is known for postgres, and how can I fix the connection?",4b65d5542d
"When I run prep.py, psycopg2 says it can't resolve postgres. Do I need to update something in the .env file?",4b65d5542d
How do I stop the postgres host resolution error in Module 5 Monitoring when running the prep script?,4b65d5542d
My prep.py crashes with OperationalError about host postgres. What value should POSTGRES_HOST be set to?,4b65d5542d
How can I make Pandas stop cutting off long text in a column and show the full content?,641aedbbf5
"In the offline-rag-evaluation notebook, how do I display the whole Explanation column instead of getting '...' in the output?",641aedbbf5
What Pandas setting should I change if I want to see the complete judge LLM explanation in a dataframe cell?,641aedbbf5
"Why does Pandas only show part of my text column, and how can I increase or remove that limit?",641aedbbf5
Is there a quick command to let Pandas print full strings in columns without truncating them?,641aedbbf5
How do I normalize each vector in a Pandas DataFrame column?,5039707c1a
What’s a simple way to divide every vector in a Pandas Series by its length?,5039707c1a
Can I use apply with NumPy to normalize vectors in one DataFrame column?,5039707c1a
How would I create a new column with normalized vectors from an existing column?,5039707c1a
Is there a quick lambda function for vector normalization in Pandas?,5039707c1a
How do I calculate the 75th percentile for a pandas DataFrame column?,b4c8ac5a0c
What’s the pandas way to get a 0.75 quantile from a Series?,b4c8ac5a0c
How can I find a column’s percentile value in pandas without using numpy?,b4c8ac5a0c
What code do I use to compute a quantile for a DataFrame column in pandas?,b4c8ac5a0c
"How do I get the 75% cutoff value from df[""col""] in pandas?",b4c8ac5a0c
"How do I force-remove every Docker container from the terminal, including ones that are still running?",66ccbb7da0
What’s the quickest command to delete all Docker images at once from the command line?,66ccbb7da0
How can I wipe out every Docker volume using terminal commands?,66ccbb7da0
"Is there a simple way to clean up all Docker containers, images, and volumes in one go?",66ccbb7da0
"After using Docker a lot, how can I fully clear containers, images, and volumes from the CLI?",66ccbb7da0
"How can I make sure a user can only leave one feedback vote, like +1 or -1, for each submission in Streamlit?",2e729f1271
Why does `st.session.submitted` keep switching back to `True` after I press one of the feedback buttons?,2e729f1271
I want the feedback buttons to stay disabled unless a new query is submitted — what am I missing with Streamlit session state?,2e729f1271
"After clicking the ask button, how do I prevent the session flag from getting reassigned so the user can’t vote twice?",2e729f1271
Is there a known fix for `st.session.submitted` being reset in a Streamlit app when handling feedback buttons?,2e729f1271
"Why am I getting `exec: ""streamlit"": executable file not found in $PATH` when I start my app with docker-compose, even though it works normally on my machine?",e8df9f0d12
What should I check in my Docker setup if docker-compose fails to create the container task because it can’t find the `streamlit` command?,e8df9f0d12
Do I need a Dockerfile for a Streamlit app that I want to run with docker-compose?,e8df9f0d12
How do I fix the issue where a Streamlit container starts fine outside docker-compose but crashes with an OCI runtime error inside it?,e8df9f0d12
"After updating my docker-compose file for Streamlit, what command should I run to rebuild everything and bring the app back up?",e8df9f0d12
"Is the capstone project supposed to be done by one person, or can we submit it as a group?",0fab61eca2
"Can I team up with other students for the capstone, or does each submission need to be separate?",0fab61eca2
"If we build one shared system, is it okay for several people to use it for the capstone?",0fab61eca2
How does the course handle collaboration on the capstone if multiple students work on the same idea?,0fab61eca2
What counts as an acceptable capstone submission if more than one person is involved?,0fab61eca2
"Do I need to submit two capstone projects, or is one enough for the course?",d5fc98925d
What do attempt 1 and attempt 2 mean for the capstone project submission?,d5fc98925d
"If my first capstone submission doesn’t pass, can I fix it and send it again later?",d5fc98925d
"Can I submit two projects just to get more practice, and if so, do they need to be different?",d5fc98925d
"What happens if I miss the first submission window — can I still join in for the second one, and does peer review matter for certification?",d5fc98925d
"Can I count the competition as my capstone project, or are they separate?",e892d44e42
"Is the capstone in llm-zoomcamp meant to be done alone, or can we work as a team?",e892d44e42
"If I join the math-kaggle-llm-competition, does that replace the capstone requirement?",e892d44e42
"Are team submissions allowed for the capstone, or only for the competition?",e892d44e42
What’s the difference between the competition and the capstone in the Capstone Project section?,e892d44e42
How will my capstone project be graded in this course?,9a2e2d2008
Who reviews the capstone project after I submit it?,9a2e2d2008
Do I also need to grade other students’ capstone projects?,9a2e2d2008
What happens if I don’t complete the peer-review requirement for capstone?,9a2e2d2008
How is the final score for the capstone project calculated?,9a2e2d2008
"After the submission deadline, how are the projects for review assigned to each participant?",eae0fb50aa
When do we get the list of projects to grade in the capstone project?,eae0fb50aa
How many projects will each participant be assigned to review after submissions close?,eae0fb50aa
Will the project review assignments be shared in a spreadsheet or some other format?,eae0fb50aa
"For the capstone project, what happens with grading once the deadline has passed?",eae0fb50aa
I already sent in my capstone project — why am I still not able to see anything to review?,a8a7fef016
"After the project deadline, do we pick which submissions to evaluate, or are they assigned automatically?",a8a7fef016
Is there a reason I can’t start reviewing other projects before the review list is out?,a8a7fef016
"Once submissions are closed, when do we get assigned projects for evaluation?",a8a7fef016
Do I have any control over which capstone projects I’m supposed to review?,a8a7fef016
Where can I find project ideas and datasets for the capstone project?,e76a70cde3
Is there a page with some good dataset ideas for the LLM Zoomcamp project?,e76a70cde3
What’s the best place to look for project inspiration and data sources for this capstone?,e76a70cde3
"Can you point me to a GitHub page with ideas, datasets, and guidelines for the project?",e76a70cde3
I’m stuck on the project topic—where should I look for suggestions and usable datasets?,e76a70cde3
"Do I actually need Airflow, Mage, or Kestra for the capstone project, or is a simple Python script enough?",d4f7c08ea1
"If I build the ingestion and indexing steps in a plain Python script, can I still get full points for that pipeline criterion?",d4f7c08ea1
"Is a Jupyter notebook with the ingestion steps considered okay for the capstone, or is it worth fewer points than a script?",d4f7c08ea1
When would it make sense to use an orchestrator in the capstone instead of just writing Python code?,d4f7c08ea1
"Should I add an orchestration tool only to satisfy the grading rubric, or only if my project really needs recurring ingestion?",d4f7c08ea1
How can I evaluate a recommender-style RAG if I don’t have clear ground-truth Q&A pairs?,9b0e2d6a47
What’s a good way to create synthetic test data for a retrieval system when the dataset items are the answers?,9b0e2d6a47
"For ranking-style RAG, should I use hit rate or NDCG, and why?",9b0e2d6a47
"Can I use an LLM as a judge to score the quality of my RAG results, and how would that work?",9b0e2d6a47
"If multiple results could be acceptable in my recommender RAG, what metric makes the most sense to measure retrieval quality?",9b0e2d6a47
What's a good way to chunk a huge corpus with long PDFs and lots of paragraphs?,6f2a8b3d10
Should I spend time finding the perfect chunking method before I start indexing?,6f2a8b3d10
"Is it okay to begin with simple fixed-size chunks, and what size would you suggest?",6f2a8b3d10
"How can I chunk long, structured docs like legal or financial PDFs without losing exact wording?",6f2a8b3d10
Are there any tools you recommend for turning PDFs into cleaner text or markdown before chunking?,6f2a8b3d10
"What does reproducibility mean for the capstone project, and do reviewers need my API keys to run it?",e5d8a2c761
How should I set up my repo so someone can clone it and rebuild the project from scratch without using my credentials?,e5d8a2c761
"Should I include actual keys in the repo, or is there a safer way to handle environment variables for reviewers?",e5d8a2c761
What’s the best way to make the search index or dataset setup repeatable for a peer reviewer?,e5d8a2c761
"How do I keep the project cheap and reproducible for reviewers, including model choice and dependency versions?",e5d8a2c761
"Can I do the homework and capstone project in something other than Python, like JavaScript, Go, or Rust?",ea815eb858
Is it okay to use a non-Python stack for this course if I have a good reason?,ea815eb858
"If I submit the project in another language, what should I put in the README so the reviewer can run it?",ea815eb858
"Do I have to explain how to install and run a non-Python project on Windows, macOS, and Linux?",ea815eb858
"Will a project built in Go, Java, or TypeScript still be accepted if it’s easy to reproduce and review?",ea815eb858
Where do I check out past LLM Zoomcamp capstone projects?,930286278d
Is there a page with previous LLM Zoomcamp project submissions I can browse?,930286278d
Can I see examples of capstone projects from earlier LLM Zoomcamp cohorts?,930286278d
Where are the 2024 and 2025 LLM Zoomcamp projects listed?,930286278d
I want to get a sense of the expected capstone scope—where can I find old project repos?,930286278d
"Do I have to announce my capstone project idea before I start working on it, or can I just begin without reserving it anywhere?",897a350476
"Is it necessary to claim or reserve a project topic for the LLM Zoomcamp capstone, or is that not required?",897a350476
"If I already have an idea for the capstone project, do I need to post it somewhere first, or can I keep going and only ask for feedback later?",897a350476
"Can I work on a project that is similar to one from a previous year, or does it have to be completely unique?",897a350476
Where can I check old capstone projects to get a sense of the expected scope before I choose my own idea?,897a350476
Can I build my capstone as a Telegram or WhatsApp bot instead of a web app?,7318a90b14
"Is a CLI, notebook, or Slack app acceptable for the project interface?",7318a90b14
"Do you require one specific way to expose the project to users, or can I choose whatever fits my idea?",7318a90b14
Will the course show me how to make a Telegram/WhatsApp or other user interface for the capstone?,7318a90b14
"As long as the project meets the evaluation criteria, can I use any frontend or access method I want?",7318a90b14
"What tool should I use to pull text out of PDFs for a RAG app, or does the course not care which one I pick?",d8b28c47a0
"If my PDFs are scanned images and not real text, what OCR option should I use for the capstone project?",d8b28c47a0
"Can I use docling or PyMuPDF to turn PDFs into Markdown for retrieval, and is that okay for this course?",d8b28c47a0
What should I do if I have mixed document types and weird layouts — is there a library that handles that better?,d8b28c47a0
"After extracting text from my PDFs, how do I decide which tool gives the cleanest output for my dataset?",d8b28c47a0
Can I reuse the workshop content in my own capstone project?,d850a0e7ea
Is it okay to use dlt from this workshop in other Zoomcamp projects too?,d850a0e7ea
Can I take the materials from this open-source workshop and apply them to my own data project?,d850a0e7ea
"If I’m doing the MLOps Zoomcamp project, can I still use dlt from this workshop?",d850a0e7ea
Where can I ask questions if I want to use these workshop materials in my project?,d850a0e7ea
How do I create a new dlt project for loading data from cloud storage?,6bceeebf04
What command should I run to start a dlt filesystem to duckdb project?,6bceeebf04
I'm trying to set up dlt from cloud sources—what's the initial init command?,6bceeebf04
Which dlt init command do I use when working with filesystem data and duckdb?,6bceeebf04
Where do I begin if I want to load cloud files into duckdb with dlt?,6bceeebf04
"Why do I get `FileNotFoundError: Table notion_pages___homework does not exist` when I call `db.open_table(""notion_pages___homework"")`?",0407213397
What does it mean if the table exists error tells me to first call `db.create_table(...)` in the dlt workshop?,0407213397
I renamed my homework table but still get an error opening it—what am I probably missing in the pipeline settings?,0407213397
How can I fix the `notion_pages___homework` table not found issue in the Open-Source Data Ingestion workshop?,0407213397
"If `db.open_table(""notion_pages___homework"")` fails, is there somewhere else besides the table name I should check?",0407213397
Why do I get FileNotFoundError saying the notion_pages___homework table doesn’t exist when I run main()?,e95bfafc0e
How should I fix the table name in line 3 if db.create_table complains about notion_pages___homework?,e95bfafc0e
What is the right way to open the homework table in the dlt workshop code?,e95bfafc0e
I’m seeing an error about a missing table during main() — which table name should I use in db.open_table()?,e95bfafc0e
Can someone show the correct line for opening notion_pages___homework in the script?,e95bfafc0e
How can I check what tables are already in the database?,e394e6f738
Is there a way to list all the tables from the db directly?,e394e6f738
What method should I use to see the table names in the database?,e394e6f738
How do I find out which tables exist in the db?,e394e6f738
"If I want to inspect the database tables, what should I call?",e394e6f738
"Does dlt already support ClickHouse or StarRocks connectors, or are they still missing?",cd19f122f3
"Can I use dlt with ClickHouse or StarRocks right now, or do I need to build something myself?",cd19f122f3
Are there official connectors in dlt for ClickHouse and StarRocks?,cd19f122f3
"If dlt doesn't have ClickHouse or StarRocks connectors, is there any plan for the community to add them?",cd19f122f3
"Why can't I find ClickHouse or StarRocks connectors in dlt, and is that something contributions can help with?",cd19f122f3
"Why do I get a 401 Unauthorized when my notebook tries to call the Notion search API, and what should I check first?",0dfba07ace
What usually causes the notebook to say it has no secret access for api.notion.com/v1/search?,0dfba07ace
How can I fix a Notion API authorization error in the dlt workshop notebook?,0dfba07ace
Could this 401 error be from a bad token or wrong permissions in my Notion setup?,0dfba07ace
What should I verify if the notebook can’t access the Notion API and keeps failing with Unauthorized?,0dfba07ace
"Why does pip keep giving me requests 2.28 when lancedb needs 2.32, and how do I install the newer one from source?",4b30b918bc
What command should I use to force-install requests v2.32.3 instead of the older version?,4b30b918bc
I'm getting a 401 Client Error during setup—does that mean my key is wrong or access isn't enabled?,4b30b918bc
How can I make sure requests is installed from the GitHub release zip rather than the default package version?,4b30b918bc
Is there a direct pip install line for the exact requests version needed by lancedb?,4b30b918bc
